{
  "product_name": "Compose",
  "product_version": "9.9.9.999",
  "created_on": "02/09/2017 12:13:15",
  "objects": [
    {
      "id": 374,
      "path": "/",
      "name": "Customers",
      "type": "Entity",
      "creation_time": 0,
      "modification_time": 0,
      "inner_item": {
        "$type": "EntityDto",
        "time_model_entity_id": 0,
        "is_reference_entity": false,
        "id": 374,
        "name": "Customers",
        "version": 636221540734110000,
        "metadata": {
          "creation_time": 636221540734122184,
          "modification_time": 636221540734110000,
          "tags": [],
          "caller_role": "NONE"
        }
      },
      "tags": [],
      "software_version": 1
    },
    {
      "id": 386,
      "path": "/",
      "name": "Orders",
      "type": "Entity",
      "creation_time": 0,
      "modification_time": 0,
      "inner_item": {
        "$type": "EntityDto",
        "time_model_entity_id": 0,
        "is_reference_entity": false,
        "id": 386,
        "name": "Orders",
        "version": 636221540734230000,
        "metadata": {
          "creation_time": 636221540734232312,
          "modification_time": 636221540734230000,
          "tags": [],
          "caller_role": "NONE"
        }
      },
      "tags": [],
      "software_version": 1
    },
    {
      "id": 428,
      "path": "/",
      "name": "Shippers",
      "type": "Entity",
      "creation_time": 0,
      "modification_time": 0,
      "inner_item": {
        "$type": "EntityDto",
        "time_model_entity_id": 0,
        "is_reference_entity": false,
        "id": 428,
        "name": "Shippers",
        "version": 636221541051680000,
        "metadata": {
          "creation_time": 636221541051696599,
          "modification_time": 636221541051680000,
          "tags": [],
          "caller_role": "NONE"
        }
      },
      "tags": [],
      "software_version": 1
    },
    {
      "id": 1,
      "path": "/",
      "name": "settings",
      "type": "ACProjectSettings",
      "creation_time": 0,
      "modification_time": 0,
      "inner_item": {
        "$type": "ACProjectSettings",
        "from_date_col_name": "FD",
        "to_date_col_name": "TD",
        "change_date_col_name": "CHANGE_DATE",
        "lowest_date": "1780-01-01",
        "highest_date": "9999-12-31",
        "unknown_date": "7777-07-07",
        "unknown_string": "Unknown",
        "map_name_prefix": "Map",
        "stop_after_staging": false,
        "use_datetime2": false,
        "unknown_guid": "00000000-0000-0000-0000-000000000000",
        "unknown_number": "0",
        "unknown_byte": "0",
        "dwh_key_name": "ID",
        "naming_conv": {
          "dwh_prefix": "TDWH_",
          "hub_suffix": "_HUB",
          "sat_suffix": "_S",
          "lnk_suffix": "_L",
          "dma_prefix": "TDMA_",
          "dwh_view_prefix": "VDWH_",
          "replicate_change_table_suffix": "__ct",
          "error_mart_suffix": "__ex",
          "dma_view_prefix": "VDMA_"
        },
        "create_ddl_scripts_only": true,
        "ignore_data_type_check": false,
        "write_tdwm_to_db": true,
        "hide_default_workflows": false,
        "name": "settings",
        "version": 636221540829840000,
        "metadata": {
          "creation_time": 636219004569847027,
          "modification_time": 636221540829840000,
          "tags": [],
          "caller_role": "NONE"
        }
      },
      "tags": [],
      "software_version": 1
    },
    {
      "id": 3,
      "path": "/",
      "name": "d",
      "type": "Database",
      "creation_time": 0,
      "modification_time": 0,
      "inner_item": {
        "$type": "DatabaseDto",
        "usage": "DATA_WAREHOUSE",
        "dbms": "SQL Server",
        "server_name": "netezzah.qa.int",
        "database_name": "ORI",
        "user_name": "sa",
        "password": "",
        "included_schemas": "dbo",
        "templateDatabaseType": "SQLSERVER",
        "dma_schema": "dbo",
        "original_sourcedb_id": 0,
        "has_source_definition": false,
        "landing_zone": {
          "landing_type": "DATABASE",
          "replicate_task_type": "FULL_LOAD",
          "associate_with_replicate_task": false
        },
        "display_name": "Microsoft SQL Server",
        "port": 1433,
        "multibyte_character_multiplier": 1,
        "windows_authentication": false,
        "id": 3,
        "name": "d",
        "version": 636219004570290000,
        "metadata": {
          "creation_time": 636219004569847027,
          "modification_time": 636219004570290000,
          "tags": [],
          "caller_role": "NONE"
        }
      },
      "tags": [],
      "software_version": 3
    },
    {
      "id": 4,
      "path": "/",
      "name": "s",
      "type": "Database",
      "creation_time": 0,
      "modification_time": 0,
      "inner_item": {
        "$type": "DatabaseDto",
        "usage": "SOURCE",
        "server_name": "",
        "database_name": "",
        "included_schemas": "*",
        "templateDatabaseType": "SQLSERVER",
        "dma_schema": "*",
        "original_sourcedb_id": 0,
        "has_source_definition": false,
        "landing_zone": {
          "landing_type": "DATABASE",
          "db_name": "northwind",
          "schema_name": "dbo",
          "replicate_task_type": "FULL_LOAD",
          "error_marts_schema": "ERR",
          "associate_with_replicate_task": false
        },
        "port": 0,
        "multibyte_character_multiplier": 1,
        "windows_authentication": false,
        "id": 4,
        "name": "s",
        "version": 636219004570300000,
        "metadata": {
          "creation_time": 636219004569857022,
          "modification_time": 636219004570300000,
          "tags": [],
          "caller_role": "NONE"
        }
      },
      "tags": [],
      "software_version": 3
    },
    {
      "id": 5,
      "path": "/",
      "name": "s_Landing",
      "type": "Database",
      "creation_time": 0,
      "modification_time": 0,
      "inner_item": {
        "$type": "DatabaseDto",
        "usage": "SOURCE",
        "dbms": "SQL Server",
        "server_name": "netezzah.qa.int",
        "database_name": "northwind",
        "user_name": "sa",
        "password": "",
        "included_schemas": "dbo",
        "templateDatabaseType": "SQLSERVER",
        "dma_schema": "dbo",
        "original_sourcedb_id": 4,
        "has_source_definition": true,
        "display_name": "Microsoft SQL Server",
        "port": 1433,
        "multibyte_character_multiplier": 1,
        "windows_authentication": false,
        "id": 5,
        "name": "s_Landing",
        "version": 636219004570320000,
        "metadata": {
          "creation_time": 636219004569857022,
          "modification_time": 636219004570320000,
          "tags": [],
          "caller_role": "NONE"
        }
      },
      "tags": [],
      "software_version": 3
    },
    {
      "id": 186,
      "path": "/",
      "name": "s2",
      "type": "Database",
      "creation_time": 0,
      "modification_time": 0,
      "inner_item": {
        "$type": "DatabaseDto",
        "usage": "SOURCE",
        "server_name": "",
        "database_name": "",
        "included_schemas": "*",
        "templateDatabaseType": "SQLSERVER",
        "dma_schema": "*",
        "original_sourcedb_id": 0,
        "has_source_definition": false,
        "landing_zone": {
          "landing_type": "DATABASE",
          "db_name": "northwind",
          "schema_name": "dbo",
          "replicate_task_type": "CDC",
          "error_marts_schema": "error_mart",
          "associate_with_replicate_task": false
        },
        "port": 0,
        "multibyte_character_multiplier": 1,
        "windows_authentication": false,
        "id": 186,
        "name": "s2",
        "version": 636219004570330000,
        "metadata": {
          "creation_time": 636219004569867025,
          "modification_time": 636219004570330000,
          "tags": [],
          "caller_role": "NONE"
        }
      },
      "tags": [],
      "software_version": 3
    },
    {
      "id": 187,
      "path": "/",
      "name": "s2_Landing",
      "type": "Database",
      "creation_time": 0,
      "modification_time": 0,
      "inner_item": {
        "$type": "DatabaseDto",
        "usage": "SOURCE",
        "dbms": "SQL Server",
        "server_name": "netezzah.qa.int",
        "database_name": "northwind",
        "user_name": "sa",
        "password": "",
        "included_schemas": "dbo",
        "templateDatabaseType": "SQLSERVER",
        "dma_schema": "dbo",
        "original_sourcedb_id": 186,
        "has_source_definition": true,
        "display_name": "Microsoft SQL Server",
        "port": 1433,
        "multibyte_character_multiplier": 1,
        "windows_authentication": false,
        "id": 187,
        "name": "s2_Landing",
        "version": 636219004570350000,
        "metadata": {
          "creation_time": 636219004569867025,
          "modification_time": 636219004570350000,
          "tags": [],
          "caller_role": "NONE"
        }
      },
      "tags": [],
      "software_version": 3
    },
    {
      "id": 373,
      "path": "/",
      "name": "VersionControl",
      "type": "VersionControl",
      "creation_time": 0,
      "modification_time": 0,
      "inner_item": {
        "$type": "VersionControlDto",
        "type": "Git",
        "use_remote_server": true,
        "remote_url": "https://github.com/adiagam/new_rep.git",
        "user_name": "adi.agam@attunity.com",
        "password": "",
        "name": "VersionControl",
        "version": 636222391897670000,
        "metadata": {
          "creation_time": 636219004569867025,
          "modification_time": 636222391897670000,
          "tags": [],
          "caller_role": "NONE"
        }
      },
      "tags": [],
      "software_version": 1
    },
    {
      "id": 375,
      "path": "/",
      "name": "CustomerID",
      "type": "DomainAttribute",
      "creation_time": 0,
      "modification_time": 0,
      "inner_item": {
        "$type": "DomainAttributeDto",
        "type": "Varchar",
        "length": 5,
        "scale": 0,
        "time_model_entity_id": 0,
        "is_reference_entity": false,
        "id": 375,
        "name": "CustomerID",
        "version": 636221540734120000,
        "metadata": {
          "creation_time": 636221540734122184,
          "modification_time": 636221540734120000,
          "tags": [],
          "caller_role": "NONE"
        }
      },
      "tags": [],
      "software_version": 2
    },
    {
      "id": 376,
      "path": "/",
      "name": "CompanyName",
      "type": "DomainAttribute",
      "creation_time": 0,
      "modification_time": 0,
      "inner_item": {
        "$type": "DomainAttributeDto",
        "type": "Varchar",
        "length": 40,
        "scale": 0,
        "time_model_entity_id": 0,
        "is_reference_entity": false,
        "id": 376,
        "name": "CompanyName",
        "version": 636221540734130000,
        "metadata": {
          "creation_time": 636221540734132203,
          "modification_time": 636221540734130000,
          "tags": [],
          "caller_role": "NONE"
        }
      },
      "tags": [],
      "software_version": 2
    },
    {
      "id": 377,
      "path": "/",
      "name": "ContactName",
      "type": "DomainAttribute",
      "creation_time": 0,
      "modification_time": 0,
      "inner_item": {
        "$type": "DomainAttributeDto",
        "type": "Varchar",
        "length": 30,
        "scale": 0,
        "time_model_entity_id": 0,
        "is_reference_entity": false,
        "id": 377,
        "name": "ContactName",
        "version": 636221540734130000,
        "metadata": {
          "creation_time": 636221540734142218,
          "modification_time": 636221540734130000,
          "tags": [],
          "caller_role": "NONE"
        }
      },
      "tags": [],
      "software_version": 2
    },
    {
      "id": 378,
      "path": "/",
      "name": "ContactTitle",
      "type": "DomainAttribute",
      "creation_time": 0,
      "modification_time": 0,
      "inner_item": {
        "$type": "DomainAttributeDto",
        "type": "Varchar",
        "length": 30,
        "scale": 0,
        "time_model_entity_id": 0,
        "is_reference_entity": false,
        "id": 378,
        "name": "ContactTitle",
        "version": 636221540734140000,
        "metadata": {
          "creation_time": 636221540734142218,
          "modification_time": 636221540734140000,
          "tags": [],
          "caller_role": "NONE"
        }
      },
      "tags": [],
      "software_version": 2
    },
    {
      "id": 379,
      "path": "/",
      "name": "Address",
      "type": "DomainAttribute",
      "creation_time": 0,
      "modification_time": 0,
      "inner_item": {
        "$type": "DomainAttributeDto",
        "type": "Varchar",
        "length": 60,
        "scale": 0,
        "time_model_entity_id": 0,
        "is_reference_entity": false,
        "id": 379,
        "name": "Address",
        "version": 636221540734150000,
        "metadata": {
          "creation_time": 636221540734152248,
          "modification_time": 636221540734150000,
          "tags": [],
          "caller_role": "NONE"
        }
      },
      "tags": [],
      "software_version": 2
    },
    {
      "id": 380,
      "path": "/",
      "name": "City",
      "type": "DomainAttribute",
      "creation_time": 0,
      "modification_time": 0,
      "inner_item": {
        "$type": "DomainAttributeDto",
        "type": "Varchar",
        "length": 15,
        "scale": 0,
        "time_model_entity_id": 0,
        "is_reference_entity": false,
        "id": 380,
        "name": "City",
        "version": 636221540734150000,
        "metadata": {
          "creation_time": 636221540734152248,
          "modification_time": 636221540734150000,
          "tags": [],
          "caller_role": "NONE"
        }
      },
      "tags": [],
      "software_version": 2
    },
    {
      "id": 381,
      "path": "/",
      "name": "Region",
      "type": "DomainAttribute",
      "creation_time": 0,
      "modification_time": 0,
      "inner_item": {
        "$type": "DomainAttributeDto",
        "type": "Varchar",
        "length": 15,
        "scale": 0,
        "time_model_entity_id": 0,
        "is_reference_entity": false,
        "id": 381,
        "name": "Region",
        "version": 636221540734200000,
        "metadata": {
          "creation_time": 636221540734202271,
          "modification_time": 636221540734200000,
          "tags": [],
          "caller_role": "NONE"
        }
      },
      "tags": [],
      "software_version": 2
    },
    {
      "id": 382,
      "path": "/",
      "name": "PostalCode",
      "type": "DomainAttribute",
      "creation_time": 0,
      "modification_time": 0,
      "inner_item": {
        "$type": "DomainAttributeDto",
        "type": "Varchar",
        "length": 10,
        "scale": 0,
        "time_model_entity_id": 0,
        "is_reference_entity": false,
        "id": 382,
        "name": "PostalCode",
        "version": 636221540734210000,
        "metadata": {
          "creation_time": 636221540734212247,
          "modification_time": 636221540734210000,
          "tags": [],
          "caller_role": "NONE"
        }
      },
      "tags": [],
      "software_version": 2
    },
    {
      "id": 383,
      "path": "/",
      "name": "Country",
      "type": "DomainAttribute",
      "creation_time": 0,
      "modification_time": 0,
      "inner_item": {
        "$type": "DomainAttributeDto",
        "type": "Varchar",
        "length": 15,
        "scale": 0,
        "time_model_entity_id": 0,
        "is_reference_entity": false,
        "id": 383,
        "name": "Country",
        "version": 636221540734210000,
        "metadata": {
          "creation_time": 636221540734222250,
          "modification_time": 636221540734210000,
          "tags": [],
          "caller_role": "NONE"
        }
      },
      "tags": [],
      "software_version": 2
    },
    {
      "id": 384,
      "path": "/",
      "name": "Phone",
      "type": "DomainAttribute",
      "creation_time": 0,
      "modification_time": 0,
      "inner_item": {
        "$type": "DomainAttributeDto",
        "type": "Varchar",
        "length": 24,
        "scale": 0,
        "time_model_entity_id": 0,
        "is_reference_entity": false,
        "id": 384,
        "name": "Phone",
        "version": 636221540734220000,
        "metadata": {
          "creation_time": 636221540734222250,
          "modification_time": 636221540734220000,
          "tags": [],
          "caller_role": "NONE"
        }
      },
      "tags": [],
      "software_version": 2
    },
    {
      "id": 385,
      "path": "/",
      "name": "Fax",
      "type": "DomainAttribute",
      "creation_time": 0,
      "modification_time": 0,
      "inner_item": {
        "$type": "DomainAttributeDto",
        "type": "Varchar",
        "length": 24,
        "scale": 0,
        "time_model_entity_id": 0,
        "is_reference_entity": false,
        "id": 385,
        "name": "Fax",
        "version": 636221540734230000,
        "metadata": {
          "creation_time": 636221540734232312,
          "modification_time": 636221540734230000,
          "tags": [],
          "caller_role": "NONE"
        }
      },
      "tags": [],
      "software_version": 2
    },
    {
      "id": 387,
      "path": "/",
      "name": "OrderID",
      "type": "DomainAttribute",
      "creation_time": 0,
      "modification_time": 0,
      "inner_item": {
        "$type": "DomainAttributeDto",
        "type": "Integer",
        "length": 0,
        "scale": 0,
        "time_model_entity_id": 0,
        "is_reference_entity": false,
        "id": 387,
        "name": "OrderID",
        "version": 636221540734240000,
        "metadata": {
          "creation_time": 636221540734242268,
          "modification_time": 636221540734240000,
          "tags": [],
          "caller_role": "NONE"
        }
      },
      "tags": [],
      "software_version": 2
    },
    {
      "id": 388,
      "path": "/",
      "name": "EmployeeID",
      "type": "DomainAttribute",
      "creation_time": 0,
      "modification_time": 0,
      "inner_item": {
        "$type": "DomainAttributeDto",
        "type": "Integer",
        "length": 0,
        "scale": 0,
        "time_model_entity_id": 0,
        "is_reference_entity": false,
        "id": 388,
        "name": "EmployeeID",
        "version": 636221540734250000,
        "metadata": {
          "creation_time": 636221540734252267,
          "modification_time": 636221540734250000,
          "tags": [],
          "caller_role": "NONE"
        }
      },
      "tags": [],
      "software_version": 2
    },
    {
      "id": 389,
      "path": "/",
      "name": "OrderDate",
      "type": "DomainAttribute",
      "creation_time": 0,
      "modification_time": 0,
      "inner_item": {
        "$type": "DomainAttributeDto",
        "type": "DateTime",
        "length": 0,
        "scale": 3,
        "time_model_entity_id": 0,
        "is_reference_entity": false,
        "id": 389,
        "name": "OrderDate",
        "version": 636221540734250000,
        "metadata": {
          "creation_time": 636221540734262274,
          "modification_time": 636221540734250000,
          "tags": [],
          "caller_role": "NONE"
        }
      },
      "tags": [],
      "software_version": 2
    },
    {
      "id": 390,
      "path": "/",
      "name": "RequiredDate",
      "type": "DomainAttribute",
      "creation_time": 0,
      "modification_time": 0,
      "inner_item": {
        "$type": "DomainAttributeDto",
        "type": "DateTime",
        "length": 0,
        "scale": 3,
        "time_model_entity_id": 0,
        "is_reference_entity": false,
        "id": 390,
        "name": "RequiredDate",
        "version": 636221540734260000,
        "metadata": {
          "creation_time": 636221540734262274,
          "modification_time": 636221540734260000,
          "tags": [],
          "caller_role": "NONE"
        }
      },
      "tags": [],
      "software_version": 2
    },
    {
      "id": 391,
      "path": "/",
      "name": "ShippedDate",
      "type": "DomainAttribute",
      "creation_time": 0,
      "modification_time": 0,
      "inner_item": {
        "$type": "DomainAttributeDto",
        "type": "DateTime",
        "length": 0,
        "scale": 3,
        "time_model_entity_id": 0,
        "is_reference_entity": false,
        "id": 391,
        "name": "ShippedDate",
        "version": 636221540734270000,
        "metadata": {
          "creation_time": 636221540734272289,
          "modification_time": 636221540734270000,
          "tags": [],
          "caller_role": "NONE"
        }
      },
      "tags": [],
      "software_version": 2
    },
    {
      "id": 392,
      "path": "/",
      "name": "ShipVia",
      "type": "DomainAttribute",
      "creation_time": 0,
      "modification_time": 0,
      "inner_item": {
        "$type": "DomainAttributeDto",
        "type": "Integer",
        "length": 0,
        "scale": 0,
        "time_model_entity_id": 0,
        "is_reference_entity": false,
        "id": 392,
        "name": "ShipVia",
        "version": 636221540734270000,
        "metadata": {
          "creation_time": 636221540734272289,
          "modification_time": 636221540734270000,
          "tags": [],
          "caller_role": "NONE"
        }
      },
      "tags": [],
      "software_version": 2
    },
    {
      "id": 393,
      "path": "/",
      "name": "Freight",
      "type": "DomainAttribute",
      "creation_time": 0,
      "modification_time": 0,
      "inner_item": {
        "$type": "DomainAttributeDto",
        "type": "Decimal",
        "length": 20,
        "scale": 4,
        "time_model_entity_id": 0,
        "is_reference_entity": false,
        "id": 393,
        "name": "Freight",
        "version": 636221540734280000,
        "metadata": {
          "creation_time": 636221540734282292,
          "modification_time": 636221540734280000,
          "tags": [],
          "caller_role": "NONE"
        }
      },
      "tags": [],
      "software_version": 2
    },
    {
      "id": 394,
      "path": "/",
      "name": "ShipName",
      "type": "DomainAttribute",
      "creation_time": 0,
      "modification_time": 0,
      "inner_item": {
        "$type": "DomainAttributeDto",
        "type": "Varchar",
        "length": 40,
        "scale": 0,
        "time_model_entity_id": 0,
        "is_reference_entity": false,
        "id": 394,
        "name": "ShipName",
        "version": 636221540734280000,
        "metadata": {
          "creation_time": 636221540734282292,
          "modification_time": 636221540734280000,
          "tags": [],
          "caller_role": "NONE"
        }
      },
      "tags": [],
      "software_version": 2
    },
    {
      "id": 395,
      "path": "/",
      "name": "ShipAddress",
      "type": "DomainAttribute",
      "creation_time": 0,
      "modification_time": 0,
      "inner_item": {
        "$type": "DomainAttributeDto",
        "type": "Varchar",
        "length": 60,
        "scale": 0,
        "time_model_entity_id": 0,
        "is_reference_entity": false,
        "id": 395,
        "name": "ShipAddress",
        "version": 636221540734310000,
        "metadata": {
          "creation_time": 636221540734322367,
          "modification_time": 636221540734310000,
          "tags": [],
          "caller_role": "NONE"
        }
      },
      "tags": [],
      "software_version": 2
    },
    {
      "id": 396,
      "path": "/",
      "name": "ShipCity",
      "type": "DomainAttribute",
      "creation_time": 0,
      "modification_time": 0,
      "inner_item": {
        "$type": "DomainAttributeDto",
        "type": "Varchar",
        "length": 15,
        "scale": 0,
        "time_model_entity_id": 0,
        "is_reference_entity": false,
        "id": 396,
        "name": "ShipCity",
        "version": 636221540734320000,
        "metadata": {
          "creation_time": 636221540734322367,
          "modification_time": 636221540734320000,
          "tags": [],
          "caller_role": "NONE"
        }
      },
      "tags": [],
      "software_version": 2
    },
    {
      "id": 397,
      "path": "/",
      "name": "ShipRegion",
      "type": "DomainAttribute",
      "creation_time": 0,
      "modification_time": 0,
      "inner_item": {
        "$type": "DomainAttributeDto",
        "type": "Varchar",
        "length": 15,
        "scale": 0,
        "time_model_entity_id": 0,
        "is_reference_entity": false,
        "id": 397,
        "name": "ShipRegion",
        "version": 636221540734320000,
        "metadata": {
          "creation_time": 636221540734332323,
          "modification_time": 636221540734320000,
          "tags": [],
          "caller_role": "NONE"
        }
      },
      "tags": [],
      "software_version": 2
    },
    {
      "id": 398,
      "path": "/",
      "name": "ShipPostalCode",
      "type": "DomainAttribute",
      "creation_time": 0,
      "modification_time": 0,
      "inner_item": {
        "$type": "DomainAttributeDto",
        "type": "Varchar",
        "length": 10,
        "scale": 0,
        "time_model_entity_id": 0,
        "is_reference_entity": false,
        "id": 398,
        "name": "ShipPostalCode",
        "version": 636221540734330000,
        "metadata": {
          "creation_time": 636221540734332323,
          "modification_time": 636221540734330000,
          "tags": [],
          "caller_role": "NONE"
        }
      },
      "tags": [],
      "software_version": 2
    },
    {
      "id": 399,
      "path": "/",
      "name": "ShipCountry",
      "type": "DomainAttribute",
      "creation_time": 0,
      "modification_time": 0,
      "inner_item": {
        "$type": "DomainAttributeDto",
        "type": "Varchar",
        "length": 15,
        "scale": 0,
        "time_model_entity_id": 0,
        "is_reference_entity": false,
        "id": 399,
        "name": "ShipCountry",
        "version": 636221540734330000,
        "metadata": {
          "creation_time": 636221540734332323,
          "modification_time": 636221540734330000,
          "tags": [],
          "caller_role": "NONE"
        }
      },
      "tags": [],
      "software_version": 2
    },
    {
      "id": 429,
      "path": "/",
      "name": "ShipperID",
      "type": "DomainAttribute",
      "creation_time": 0,
      "modification_time": 0,
      "inner_item": {
        "$type": "DomainAttributeDto",
        "type": "Integer",
        "length": 0,
        "scale": 0,
        "time_model_entity_id": 0,
        "is_reference_entity": false,
        "id": 429,
        "name": "ShipperID",
        "version": 636221541051690000,
        "metadata": {
          "creation_time": 636221541051696599,
          "modification_time": 636221541051690000,
          "tags": [],
          "caller_role": "NONE"
        }
      },
      "tags": [],
      "software_version": 2
    },
    {
      "id": 2,
      "path": "/",
      "name": "north",
      "type": "ExecutionServiceDto",
      "creation_time": 0,
      "modification_time": 0,
      "inner_item": {
        "$type": "ExecutionServiceDto",
        "max_runtime_instances_to_keep": 100,
        "name": "north",
        "version": 636222387657190000,
        "metadata": {
          "creation_time": 636219004569946922,
          "modification_time": 636222387657190000,
          "tags": [],
          "caller_role": "NONE"
        }
      },
      "tags": [],
      "software_version": 1
    },
    {
      "id": 400,
      "path": "/",
      "name": "48ac284b-09ea-4898-9930-737e3e23101b",
      "type": "TableColumn",
      "creation_time": 0,
      "modification_time": 0,
      "inner_item": {
        "$type": "TableColumnDto",
        "poe": 374,
        "pbe": 375,
        "prefix": "",
        "is_primary": true,
        "history_type": "N",
        "block": 0,
        "ordinal": 100,
        "time_model_role_id": 0,
        "id": 400,
        "name": "48ac284b-09ea-4898-9930-737e3e23101b",
        "version": 636221540734340000,
        "metadata": {
          "creation_time": 636221540734342859,
          "modification_time": 636221540734340000,
          "tags": [],
          "caller_role": "NONE"
        }
      },
      "tags": [],
      "software_version": 1
    },
    {
      "id": 401,
      "path": "/",
      "name": "99f88106-8242-4a56-a759-58d9a20af32e",
      "type": "TableColumn",
      "creation_time": 0,
      "modification_time": 0,
      "inner_item": {
        "$type": "TableColumnDto",
        "poe": 386,
        "pbe": 387,
        "prefix": "",
        "is_primary": true,
        "history_type": "N",
        "block": 0,
        "ordinal": 100,
        "time_model_role_id": 0,
        "id": 401,
        "name": "99f88106-8242-4a56-a759-58d9a20af32e",
        "version": 636221540734350000,
        "metadata": {
          "creation_time": 636221540734352909,
          "modification_time": 636221540734350000,
          "tags": [],
          "caller_role": "NONE"
        }
      },
      "tags": [],
      "software_version": 1
    },
    {
      "id": 402,
      "path": "/",
      "name": "24b2f245-fbab-4400-8df5-6890ac4422f7",
      "type": "TableColumn",
      "creation_time": 0,
      "modification_time": 0,
      "inner_item": {
        "$type": "TableColumnDto",
        "poe": 386,
        "pbe": 374,
        "prefix": "",
        "is_primary": false,
        "history_type": "N",
        "block": 0,
        "ordinal": 200,
        "time_model_role_id": 0,
        "id": 402,
        "name": "24b2f245-fbab-4400-8df5-6890ac4422f7",
        "version": 636221540734350000,
        "metadata": {
          "creation_time": 636221540734352909,
          "modification_time": 636221540734350000,
          "tags": [],
          "caller_role": "NONE"
        }
      },
      "tags": [],
      "software_version": 1
    },
    {
      "id": 403,
      "path": "/",
      "name": "d5743a74-afbc-4d4d-8fa9-5ce307d2cc48",
      "type": "TableColumn",
      "creation_time": 0,
      "modification_time": 0,
      "inner_item": {
        "$type": "TableColumnDto",
        "poe": 374,
        "pbe": 376,
        "prefix": "",
        "is_primary": false,
        "history_type": "S",
        "block": 1,
        "ordinal": 200,
        "time_model_role_id": 0,
        "id": 403,
        "name": "d5743a74-afbc-4d4d-8fa9-5ce307d2cc48",
        "version": 636221540734360000,
        "metadata": {
          "creation_time": 636221540734372919,
          "modification_time": 636221540734360000,
          "tags": [],
          "caller_role": "NONE"
        }
      },
      "tags": [],
      "software_version": 1
    },
    {
      "id": 404,
      "path": "/",
      "name": "6357453c-8057-4739-a23e-ecc8f6adcae6",
      "type": "TableColumn",
      "creation_time": 0,
      "modification_time": 0,
      "inner_item": {
        "$type": "TableColumnDto",
        "poe": 374,
        "pbe": 377,
        "prefix": "",
        "is_primary": false,
        "history_type": "S",
        "block": 1,
        "ordinal": 300,
        "time_model_role_id": 0,
        "id": 404,
        "name": "6357453c-8057-4739-a23e-ecc8f6adcae6",
        "version": 636221540734360000,
        "metadata": {
          "creation_time": 636221540734372919,
          "modification_time": 636221540734360000,
          "tags": [],
          "caller_role": "NONE"
        }
      },
      "tags": [],
      "software_version": 1
    },
    {
      "id": 405,
      "path": "/",
      "name": "48080824-600b-48a1-b72b-b85ae1c5a3cd",
      "type": "TableColumn",
      "creation_time": 0,
      "modification_time": 0,
      "inner_item": {
        "$type": "TableColumnDto",
        "poe": 374,
        "pbe": 378,
        "prefix": "",
        "is_primary": false,
        "history_type": "S",
        "block": 1,
        "ordinal": 400,
        "time_model_role_id": 0,
        "id": 405,
        "name": "48080824-600b-48a1-b72b-b85ae1c5a3cd",
        "version": 636221540734360000,
        "metadata": {
          "creation_time": 636221540734372919,
          "modification_time": 636221540734360000,
          "tags": [],
          "caller_role": "NONE"
        }
      },
      "tags": [],
      "software_version": 1
    },
    {
      "id": 406,
      "path": "/",
      "name": "f55a2937-2e51-45a2-bedd-bd678ecab669",
      "type": "TableColumn",
      "creation_time": 0,
      "modification_time": 0,
      "inner_item": {
        "$type": "TableColumnDto",
        "poe": 374,
        "pbe": 379,
        "prefix": "",
        "is_primary": false,
        "history_type": "S",
        "block": 1,
        "ordinal": 500,
        "time_model_role_id": 0,
        "id": 406,
        "name": "f55a2937-2e51-45a2-bedd-bd678ecab669",
        "version": 636221540734360000,
        "metadata": {
          "creation_time": 636221540734372919,
          "modification_time": 636221540734360000,
          "tags": [],
          "caller_role": "NONE"
        }
      },
      "tags": [],
      "software_version": 1
    },
    {
      "id": 407,
      "path": "/",
      "name": "8b3cb165-9967-4e96-985c-d52c470a9a37",
      "type": "TableColumn",
      "creation_time": 0,
      "modification_time": 0,
      "inner_item": {
        "$type": "TableColumnDto",
        "poe": 374,
        "pbe": 380,
        "prefix": "",
        "is_primary": false,
        "history_type": "S",
        "block": 1,
        "ordinal": 600,
        "time_model_role_id": 0,
        "id": 407,
        "name": "8b3cb165-9967-4e96-985c-d52c470a9a37",
        "version": 636221540734360000,
        "metadata": {
          "creation_time": 636221540734372919,
          "modification_time": 636221540734360000,
          "tags": [],
          "caller_role": "NONE"
        }
      },
      "tags": [],
      "software_version": 1
    },
    {
      "id": 408,
      "path": "/",
      "name": "d2c675d1-f837-4be6-a9ed-572a0ffd04f9",
      "type": "TableColumn",
      "creation_time": 0,
      "modification_time": 0,
      "inner_item": {
        "$type": "TableColumnDto",
        "poe": 374,
        "pbe": 381,
        "prefix": "",
        "is_primary": false,
        "history_type": "S",
        "block": 1,
        "ordinal": 700,
        "time_model_role_id": 0,
        "id": 408,
        "name": "d2c675d1-f837-4be6-a9ed-572a0ffd04f9",
        "version": 636221540734360000,
        "metadata": {
          "creation_time": 636221540734382954,
          "modification_time": 636221540734360000,
          "tags": [],
          "caller_role": "NONE"
        }
      },
      "tags": [],
      "software_version": 1
    },
    {
      "id": 409,
      "path": "/",
      "name": "df4c8242-53f1-4057-9533-83d7ef04fc8e",
      "type": "TableColumn",
      "creation_time": 0,
      "modification_time": 0,
      "inner_item": {
        "$type": "TableColumnDto",
        "poe": 374,
        "pbe": 382,
        "prefix": "",
        "is_primary": false,
        "history_type": "S",
        "block": 1,
        "ordinal": 800,
        "time_model_role_id": 0,
        "id": 409,
        "name": "df4c8242-53f1-4057-9533-83d7ef04fc8e",
        "version": 636221540734360000,
        "metadata": {
          "creation_time": 636221540734382954,
          "modification_time": 636221540734360000,
          "tags": [],
          "caller_role": "NONE"
        }
      },
      "tags": [],
      "software_version": 1
    },
    {
      "id": 410,
      "path": "/",
      "name": "54c2d5cd-3b23-4349-b8c2-9ebe443b4f4a",
      "type": "TableColumn",
      "creation_time": 0,
      "modification_time": 0,
      "inner_item": {
        "$type": "TableColumnDto",
        "poe": 374,
        "pbe": 383,
        "prefix": "",
        "is_primary": false,
        "history_type": "S",
        "block": 1,
        "ordinal": 900,
        "time_model_role_id": 0,
        "id": 410,
        "name": "54c2d5cd-3b23-4349-b8c2-9ebe443b4f4a",
        "version": 636221540734360000,
        "metadata": {
          "creation_time": 636221540734382954,
          "modification_time": 636221540734360000,
          "tags": [],
          "caller_role": "NONE"
        }
      },
      "tags": [],
      "software_version": 1
    },
    {
      "id": 411,
      "path": "/",
      "name": "e57b7c4f-4ba4-43e1-9640-7503fb56ec76",
      "type": "TableColumn",
      "creation_time": 0,
      "modification_time": 0,
      "inner_item": {
        "$type": "TableColumnDto",
        "poe": 374,
        "pbe": 384,
        "prefix": "",
        "is_primary": false,
        "history_type": "S",
        "block": 1,
        "ordinal": 1000,
        "time_model_role_id": 0,
        "id": 411,
        "name": "e57b7c4f-4ba4-43e1-9640-7503fb56ec76",
        "version": 636221540734360000,
        "metadata": {
          "creation_time": 636221540734382954,
          "modification_time": 636221540734360000,
          "tags": [],
          "caller_role": "NONE"
        }
      },
      "tags": [],
      "software_version": 1
    },
    {
      "id": 412,
      "path": "/",
      "name": "c788025f-9971-44c6-8d0f-a7bd97047508",
      "type": "TableColumn",
      "creation_time": 0,
      "modification_time": 0,
      "inner_item": {
        "$type": "TableColumnDto",
        "poe": 374,
        "pbe": 385,
        "prefix": "",
        "is_primary": false,
        "history_type": "S",
        "block": 1,
        "ordinal": 1100,
        "time_model_role_id": 0,
        "id": 412,
        "name": "c788025f-9971-44c6-8d0f-a7bd97047508",
        "version": 636221540734360000,
        "metadata": {
          "creation_time": 636221540734382954,
          "modification_time": 636221540734360000,
          "tags": [],
          "caller_role": "NONE"
        }
      },
      "tags": [],
      "software_version": 1
    },
    {
      "id": 413,
      "path": "/",
      "name": "3423155e-6c6a-4f37-87b1-13721026f1fb",
      "type": "TableColumn",
      "creation_time": 0,
      "modification_time": 0,
      "inner_item": {
        "$type": "TableColumnDto",
        "poe": 386,
        "pbe": 388,
        "prefix": "",
        "is_primary": false,
        "history_type": "N",
        "block": 0,
        "ordinal": 300,
        "time_model_role_id": 0,
        "id": 413,
        "name": "3423155e-6c6a-4f37-87b1-13721026f1fb",
        "version": 636221540734360000,
        "metadata": {
          "creation_time": 636221540734382954,
          "modification_time": 636221540734360000,
          "tags": [],
          "caller_role": "NONE"
        }
      },
      "tags": [],
      "software_version": 1
    },
    {
      "id": 414,
      "path": "/",
      "name": "d24b4f49-6f5c-4030-b020-b32a931fd6c7",
      "type": "TableColumn",
      "creation_time": 0,
      "modification_time": 0,
      "inner_item": {
        "$type": "TableColumnDto",
        "poe": 386,
        "pbe": 389,
        "prefix": "",
        "is_primary": false,
        "history_type": "N",
        "block": 0,
        "ordinal": 400,
        "time_model_role_id": 0,
        "id": 414,
        "name": "d24b4f49-6f5c-4030-b020-b32a931fd6c7",
        "version": 636221540734360000,
        "metadata": {
          "creation_time": 636221540734392929,
          "modification_time": 636221540734360000,
          "tags": [],
          "caller_role": "NONE"
        }
      },
      "tags": [],
      "software_version": 1
    },
    {
      "id": 415,
      "path": "/",
      "name": "c697ccf9-fcb0-4f56-8c65-cee9e49b1b6c",
      "type": "TableColumn",
      "creation_time": 0,
      "modification_time": 0,
      "inner_item": {
        "$type": "TableColumnDto",
        "poe": 386,
        "pbe": 390,
        "prefix": "",
        "is_primary": false,
        "history_type": "N",
        "block": 0,
        "ordinal": 500,
        "time_model_role_id": 0,
        "id": 415,
        "name": "c697ccf9-fcb0-4f56-8c65-cee9e49b1b6c",
        "version": 636221540734360000,
        "metadata": {
          "creation_time": 636221540734392929,
          "modification_time": 636221540734360000,
          "tags": [],
          "caller_role": "NONE"
        }
      },
      "tags": [],
      "software_version": 1
    },
    {
      "id": 416,
      "path": "/",
      "name": "279a38b5-0969-4cd4-bc20-6252650f4613",
      "type": "TableColumn",
      "creation_time": 0,
      "modification_time": 0,
      "inner_item": {
        "$type": "TableColumnDto",
        "poe": 386,
        "pbe": 391,
        "prefix": "",
        "is_primary": false,
        "history_type": "N",
        "block": 0,
        "ordinal": 600,
        "time_model_role_id": 0,
        "id": 416,
        "name": "279a38b5-0969-4cd4-bc20-6252650f4613",
        "version": 636221540734360000,
        "metadata": {
          "creation_time": 636221540734392929,
          "modification_time": 636221540734360000,
          "tags": [],
          "caller_role": "NONE"
        }
      },
      "tags": [],
      "software_version": 1
    },
    {
      "id": 418,
      "path": "/",
      "name": "8c984354-f39e-43f2-ac72-0641d36a28b8",
      "type": "TableColumn",
      "creation_time": 0,
      "modification_time": 0,
      "inner_item": {
        "$type": "TableColumnDto",
        "poe": 386,
        "pbe": 393,
        "prefix": "",
        "is_primary": false,
        "history_type": "N",
        "block": 0,
        "ordinal": 800,
        "time_model_role_id": 0,
        "id": 418,
        "name": "8c984354-f39e-43f2-ac72-0641d36a28b8",
        "version": 636221540734360000,
        "metadata": {
          "creation_time": 636221540734392929,
          "modification_time": 636221540734360000,
          "tags": [],
          "caller_role": "NONE"
        }
      },
      "tags": [],
      "software_version": 1
    },
    {
      "id": 419,
      "path": "/",
      "name": "9442be01-2cc1-4920-80bb-12c2cd0ea317",
      "type": "TableColumn",
      "creation_time": 0,
      "modification_time": 0,
      "inner_item": {
        "$type": "TableColumnDto",
        "poe": 386,
        "pbe": 394,
        "prefix": "",
        "is_primary": false,
        "history_type": "N",
        "block": 0,
        "ordinal": 900,
        "time_model_role_id": 0,
        "id": 419,
        "name": "9442be01-2cc1-4920-80bb-12c2cd0ea317",
        "version": 636221540734360000,
        "metadata": {
          "creation_time": 636221540734392929,
          "modification_time": 636221540734360000,
          "tags": [],
          "caller_role": "NONE"
        }
      },
      "tags": [],
      "software_version": 1
    },
    {
      "id": 420,
      "path": "/",
      "name": "7ce8c1c1-bdeb-4880-984b-17fb45a3a993",
      "type": "TableColumn",
      "creation_time": 0,
      "modification_time": 0,
      "inner_item": {
        "$type": "TableColumnDto",
        "poe": 386,
        "pbe": 395,
        "prefix": "",
        "is_primary": false,
        "history_type": "N",
        "block": 0,
        "ordinal": 1000,
        "time_model_role_id": 0,
        "id": 420,
        "name": "7ce8c1c1-bdeb-4880-984b-17fb45a3a993",
        "version": 636221540734360000,
        "metadata": {
          "creation_time": 636221540734392929,
          "modification_time": 636221540734360000,
          "tags": [],
          "caller_role": "NONE"
        }
      },
      "tags": [],
      "software_version": 1
    },
    {
      "id": 421,
      "path": "/",
      "name": "89e8a1d0-f6ea-4bb8-b5b8-7be561a183b5",
      "type": "TableColumn",
      "creation_time": 0,
      "modification_time": 0,
      "inner_item": {
        "$type": "TableColumnDto",
        "poe": 386,
        "pbe": 396,
        "prefix": "",
        "is_primary": false,
        "history_type": "N",
        "block": 0,
        "ordinal": 1100,
        "time_model_role_id": 0,
        "id": 421,
        "name": "89e8a1d0-f6ea-4bb8-b5b8-7be561a183b5",
        "version": 636221540734360000,
        "metadata": {
          "creation_time": 636221540734402936,
          "modification_time": 636221540734360000,
          "tags": [],
          "caller_role": "NONE"
        }
      },
      "tags": [],
      "software_version": 1
    },
    {
      "id": 422,
      "path": "/",
      "name": "209544c4-0b1b-4924-a4c0-803f4f18dd84",
      "type": "TableColumn",
      "creation_time": 0,
      "modification_time": 0,
      "inner_item": {
        "$type": "TableColumnDto",
        "poe": 386,
        "pbe": 397,
        "prefix": "",
        "is_primary": false,
        "history_type": "N",
        "block": 0,
        "ordinal": 1200,
        "time_model_role_id": 0,
        "id": 422,
        "name": "209544c4-0b1b-4924-a4c0-803f4f18dd84",
        "version": 636221540734360000,
        "metadata": {
          "creation_time": 636221540734402936,
          "modification_time": 636221540734360000,
          "tags": [],
          "caller_role": "NONE"
        }
      },
      "tags": [],
      "software_version": 1
    },
    {
      "id": 423,
      "path": "/",
      "name": "737bbd06-56de-4159-b995-148b84aed143",
      "type": "TableColumn",
      "creation_time": 0,
      "modification_time": 0,
      "inner_item": {
        "$type": "TableColumnDto",
        "poe": 386,
        "pbe": 398,
        "prefix": "",
        "is_primary": false,
        "history_type": "N",
        "block": 0,
        "ordinal": 1300,
        "time_model_role_id": 0,
        "id": 423,
        "name": "737bbd06-56de-4159-b995-148b84aed143",
        "version": 636221540734360000,
        "metadata": {
          "creation_time": 636221540734402936,
          "modification_time": 636221540734360000,
          "tags": [],
          "caller_role": "NONE"
        }
      },
      "tags": [],
      "software_version": 1
    },
    {
      "id": 424,
      "path": "/",
      "name": "d7c6b344-ea12-4c96-9f61-91536f78fdca",
      "type": "TableColumn",
      "creation_time": 0,
      "modification_time": 0,
      "inner_item": {
        "$type": "TableColumnDto",
        "poe": 386,
        "pbe": 399,
        "prefix": "",
        "is_primary": false,
        "history_type": "N",
        "block": 0,
        "ordinal": 1400,
        "time_model_role_id": 0,
        "id": 424,
        "name": "d7c6b344-ea12-4c96-9f61-91536f78fdca",
        "version": 636221540734360000,
        "metadata": {
          "creation_time": 636221540734402936,
          "modification_time": 636221540734360000,
          "tags": [],
          "caller_role": "NONE"
        }
      },
      "tags": [],
      "software_version": 1
    },
    {
      "id": 430,
      "path": "/",
      "name": "3e8c3f5d-f8c7-4613-b1ce-3febf71d53bf",
      "type": "TableColumn",
      "creation_time": 0,
      "modification_time": 0,
      "inner_item": {
        "$type": "TableColumnDto",
        "poe": 428,
        "pbe": 429,
        "prefix": "",
        "is_primary": true,
        "history_type": "N",
        "block": 0,
        "ordinal": 100,
        "time_model_role_id": 0,
        "id": 430,
        "name": "3e8c3f5d-f8c7-4613-b1ce-3febf71d53bf",
        "version": 636221541051700000,
        "metadata": {
          "creation_time": 636221541051716605,
          "modification_time": 636221541051700000,
          "tags": [],
          "caller_role": "NONE"
        }
      },
      "tags": [],
      "software_version": 1
    },
    {
      "id": 431,
      "path": "/",
      "name": "ef795b8d-9f81-4833-ab50-511526f21c33",
      "type": "TableColumn",
      "creation_time": 0,
      "modification_time": 0,
      "inner_item": {
        "$type": "TableColumnDto",
        "poe": 428,
        "pbe": 376,
        "prefix": "",
        "is_primary": false,
        "history_type": "N",
        "block": 0,
        "ordinal": 200,
        "time_model_role_id": 0,
        "id": 431,
        "name": "ef795b8d-9f81-4833-ab50-511526f21c33",
        "version": 636221541051760000,
        "metadata": {
          "creation_time": 636221541051766640,
          "modification_time": 636221541051760000,
          "tags": [],
          "caller_role": "NONE"
        }
      },
      "tags": [],
      "software_version": 1
    },
    {
      "id": 432,
      "path": "/",
      "name": "5bdc406e-07e4-4572-90f9-d755076efd03",
      "type": "TableColumn",
      "creation_time": 0,
      "modification_time": 0,
      "inner_item": {
        "$type": "TableColumnDto",
        "poe": 428,
        "pbe": 384,
        "prefix": "",
        "is_primary": false,
        "history_type": "N",
        "block": 0,
        "ordinal": 300,
        "time_model_role_id": 0,
        "id": 432,
        "name": "5bdc406e-07e4-4572-90f9-d755076efd03",
        "version": 636221541051760000,
        "metadata": {
          "creation_time": 636221541051766640,
          "modification_time": 636221541051760000,
          "tags": [],
          "caller_role": "NONE"
        }
      },
      "tags": [],
      "software_version": 1
    },
    {
      "id": 434,
      "path": "/",
      "name": "18ac03dd-c431-41f0-88f6-c043cceaec23",
      "type": "TableColumn",
      "creation_time": 0,
      "modification_time": 0,
      "inner_item": {
        "$type": "TableColumnDto",
        "poe": 386,
        "pbe": 428,
        "prefix": "new",
        "is_primary": false,
        "history_type": "N",
        "block": 0,
        "ordinal": 1500,
        "time_model_role_id": 0,
        "expression": {
          "alias": []
        },
        "attribute_name": "Shippers",
        "id": 434,
        "name": "18ac03dd-c431-41f0-88f6-c043cceaec23",
        "version": 636221541338410000,
        "metadata": {
          "creation_time": 636221541337689999,
          "modification_time": 636221541338410000,
          "tags": [],
          "caller_role": "NONE"
        }
      },
      "tags": [],
      "software_version": 1
    },
    {
      "id": 426,
      "path": "/",
      "name": "Map_Customers_s",
      "type": "Mapping",
      "creation_time": 0,
      "modification_time": 0,
      "inner_item": {
        "$type": "MappingDto",
        "entity_id": 374,
        "is_active_mapping_pi": false,
        "schema": "dbo",
        "database_id": 5,
        "table_name": "Customers",
        "mapping_type": "TABLE",
        "is_aggregated": false,
        "mapping_fields": [
          {
            "mapping_type": "DIRECT",
            "source_col_name": "CustomerID",
            "staging_col_name_int": "COLID_400_375"
          },
          {
            "mapping_type": "DIRECT",
            "source_col_name": "CompanyName",
            "staging_col_name_int": "COLID_403_376"
          },
          {
            "mapping_type": "DIRECT",
            "source_col_name": "ContactName",
            "staging_col_name_int": "COLID_404_377"
          },
          {
            "mapping_type": "DIRECT",
            "source_col_name": "ContactTitle",
            "staging_col_name_int": "COLID_405_378"
          },
          {
            "mapping_type": "DIRECT",
            "source_col_name": "Address",
            "staging_col_name_int": "COLID_406_379"
          },
          {
            "mapping_type": "DIRECT",
            "source_col_name": "City",
            "staging_col_name_int": "COLID_407_380"
          },
          {
            "mapping_type": "DIRECT",
            "source_col_name": "Region",
            "staging_col_name_int": "COLID_408_381"
          },
          {
            "mapping_type": "DIRECT",
            "source_col_name": "PostalCode",
            "staging_col_name_int": "COLID_409_382"
          },
          {
            "mapping_type": "DIRECT",
            "source_col_name": "Country",
            "staging_col_name_int": "COLID_410_383"
          },
          {
            "mapping_type": "DIRECT",
            "source_col_name": "Phone",
            "staging_col_name_int": "COLID_411_384"
          },
          {
            "mapping_type": "DIRECT",
            "source_col_name": "Fax",
            "staging_col_name_int": "COLID_412_385"
          }
        ],
        "mapping_query": "",
        "data_quality_rules": [
          {
            "action": "REJECT_AND_REPORT",
            "type": "EXPRESSION",
            "name": "Business Keys cannot be NULL",
            "enabled": false,
            "order": 0,
            "is_internal": true
          }
        ],
        "cleansing_rules": [],
        "id": 426,
        "name": "Map_Customers_s",
        "version": 636221540734510000,
        "metadata": {
          "creation_time": 636221540734442972,
          "modification_time": 636221540734510000,
          "tags": [],
          "caller_role": "NONE"
        }
      },
      "tags": [],
      "software_version": 2
    },
    {
      "id": 427,
      "path": "/",
      "name": "Map_Orders_s",
      "type": "Mapping",
      "creation_time": 0,
      "modification_time": 0,
      "inner_item": {
        "$type": "MappingDto",
        "entity_id": 386,
        "is_active_mapping_pi": false,
        "schema": "dbo",
        "database_id": 5,
        "table_name": "Orders",
        "mapping_type": "TABLE",
        "is_aggregated": false,
        "mapping_fields": [
          {
            "mapping_type": "DIRECT",
            "source_col_name": "OrderID",
            "staging_col_name_int": "COLID_401_387"
          },
          {
            "mapping_type": "DIRECT",
            "source_col_name": "CustomerID",
            "staging_col_name_int": "COLID_402_400_375"
          },
          {
            "mapping_type": "DIRECT",
            "source_col_name": "EmployeeID",
            "staging_col_name_int": "COLID_413_388"
          },
          {
            "mapping_type": "DIRECT",
            "source_col_name": "OrderDate",
            "staging_col_name_int": "COLID_414_389"
          },
          {
            "mapping_type": "DIRECT",
            "source_col_name": "RequiredDate",
            "staging_col_name_int": "COLID_415_390"
          },
          {
            "mapping_type": "DIRECT",
            "source_col_name": "ShippedDate",
            "staging_col_name_int": "COLID_416_391"
          },
          {
            "mapping_type": "DIRECT",
            "source_col_name": "ShipVia",
            "staging_col_name_int": "COLID_434_430_429"
          },
          {
            "mapping_type": "DIRECT",
            "source_col_name": "Freight",
            "staging_col_name_int": "COLID_418_393"
          },
          {
            "mapping_type": "DIRECT",
            "source_col_name": "ShipName",
            "staging_col_name_int": "COLID_419_394"
          },
          {
            "mapping_type": "DIRECT",
            "source_col_name": "ShipAddress",
            "staging_col_name_int": "COLID_420_395"
          },
          {
            "mapping_type": "DIRECT",
            "source_col_name": "ShipCity",
            "staging_col_name_int": "COLID_421_396"
          },
          {
            "mapping_type": "DIRECT",
            "source_col_name": "ShipRegion",
            "staging_col_name_int": "COLID_422_397"
          },
          {
            "mapping_type": "DIRECT",
            "source_col_name": "ShipPostalCode",
            "staging_col_name_int": "COLID_423_398"
          },
          {
            "mapping_type": "DIRECT",
            "source_col_name": "ShipCountry",
            "staging_col_name_int": "COLID_424_399"
          }
        ],
        "mapping_query": "",
        "data_quality_rules": [
          {
            "action": "REJECT_AND_REPORT",
            "type": "EXPRESSION",
            "name": "Business Keys cannot be NULL",
            "enabled": false,
            "order": 0,
            "is_internal": true
          }
        ],
        "cleansing_rules": [],
        "id": 427,
        "name": "Map_Orders_s",
        "version": 636221541337760000,
        "metadata": {
          "creation_time": 636221540734523028,
          "modification_time": 636221541337760000,
          "tags": [],
          "caller_role": "NONE"
        }
      },
      "tags": [],
      "software_version": 2
    },
    {
      "id": 433,
      "path": "/",
      "name": "Map_Shippers_s",
      "type": "Mapping",
      "creation_time": 0,
      "modification_time": 0,
      "inner_item": {
        "$type": "MappingDto",
        "entity_id": 428,
        "is_active_mapping_pi": false,
        "schema": "dbo",
        "database_id": 5,
        "table_name": "Shippers",
        "mapping_type": "TABLE",
        "is_aggregated": false,
        "mapping_fields": [
          {
            "mapping_type": "DIRECT",
            "source_col_name": "ShipperID",
            "staging_col_name_int": "COLID_430_429"
          },
          {
            "mapping_type": "DIRECT",
            "source_col_name": "CompanyName",
            "staging_col_name_int": "COLID_431_376"
          },
          {
            "mapping_type": "DIRECT",
            "source_col_name": "Phone",
            "staging_col_name_int": "COLID_432_384"
          }
        ],
        "mapping_query": "",
        "data_quality_rules": [
          {
            "action": "REJECT_AND_REPORT",
            "type": "EXPRESSION",
            "name": "Business Keys cannot be NULL",
            "enabled": false,
            "order": 0,
            "is_internal": true
          }
        ],
        "cleansing_rules": [],
        "id": 433,
        "name": "Map_Shippers_s",
        "version": 636221541105560000,
        "metadata": {
          "creation_time": 636221541105432362,
          "modification_time": 636221541105560000,
          "tags": [],
          "caller_role": "NONE"
        }
      },
      "tags": [],
      "software_version": 2
    },
    {
      "id": 425,
      "path": "/",
      "name": "s",
      "type": "ETLInfo",
      "creation_time": 0,
      "modification_time": 0,
      "inner_item": {
        "$type": "ETLInfoDto",
        "data": {
          "seqr_processing": false,
          "FULLREBUILD": false,
          "SELOFRUNS": 0,
          "EMPTYRUNNRSTABLE": true,
          "INSERTRUNNRSTABLE": true,
          "MAXCDC_COLUMNS": 10,
          "SPLITRELSANDATTS": false,
          "STOPAFTERSTAGING": false,
          "PARAM_RUNNR": "1",
          "dm_cohorts": [],
          "engine_settings": {
            "thread_connection_settings": {
              "thread_pool_size": 10,
              "thread_pool_max": 18,
              "thread_queue_max": 10000,
              "thread_timeout": 3000
            },
            "database_connection_settings": {
              "db_pool_size": 200,
              "db_reap_interval": 30000,
              "db_lease_timeout": 60000,
              "print_db_leases": false
            },
            "engine_logging_settings": {
              "log_level": "INFO",
              "log_file": "$project-path$\\$task-name$\\$task-name$_Log.log",
              "log_file_timestamp": true,
              "log_console": true,
              "log_stack_trace": false,
              "log_jdbc_driver_output": false,
              "log_mapping_fields": false,
              "log_mapping_values": false,
              "log_sync_provider_output": false,
              "log_prep_statmt_bindings": false,
              "log_dbms_leasing": false,
              "log_table_contents": false,
              "log_sql_monitor_output": false,
              "log_param_substitution": false,
              "log_mop_ids": false,
              "log_java_env": false,
              "log_mopping_state": false,
              "log_table_cache_rows": 20,
              "print_final_log": false,
              "print_dbms_info": false,
              "create_missing_tables": false
            },
            "mopping_thread_settings": {
              "mop_direct_write": false,
              "mop_thread_pool_size": 18,
              "mop_thread_pool_max": 18,
              "mop_thread_queue_max": 2500,
              "mop_thread_timeout": 3000,
              "mop_write_queue_max": 100,
              "mop_no_id_ledelins": true,
              "mop_without_write": false
            },
            "general_settings": {
              "java_mem": "-Xms128M -Xmx512M",
              "stt_date": "NOW",
              "up_ddate": "NOW",
              "tgt_os": "MSWL",
              "tgt_sh": "cmd",
              "validate_data_types": false,
              "validate_only": false,
              "fetch_size": 1000,
              "batch_max_rows": 20,
              "nr_of_committed_rows": 10000,
              "parameter_worm": true,
              "instruction_delay": false,
              "memory_reaper": false,
              "ORACLE_DATADIRECT": false,
              "ORACLE_TNSNAMES": "",
              "SQLSERVER_DATADIRECT": false,
              "SQLSERVER_DRIVER_1_1": false,
              "JTDS": true,
              "DB2_DATADIRECT": false,
              "encrypted_password": true
            },
            "advanced_settings": {
              "retain_stg_tables": false,
              "retain_imt_tables": false,
              "imt_tables_volatile": false,
              "write_etl_cmnds_to_db": false
            }
          },
          "workflow_position": 1,
          "dwh_full_load": false,
          "dm_enable_table_logging": false,
          "allow_updating_to_null": false
        },
        "active_mappings": [
          426,
          427
        ],
        "entity_action": [],
        "etl_type": "DataWarehouse",
        "active_custom_etls": [],
        "id": 425,
        "name": "s",
        "version": 636221540734530000,
        "metadata": {
          "creation_time": 636221540734442972,
          "modification_time": 636221540734530000,
          "tags": [],
          "caller_role": "NONE"
        }
      },
      "tags": [],
      "software_version": 1
    }
  ]
}